proxy,Last Check,Proxy Speed,Uptime,Proxy Country,Anonymity
http://188.72.43.145:47193,2 mins ago,3886 ms,9% (96),iq Iraq,Transparent
http://77.228.182.122:8080,2 mins ago,4283 ms,8% (84),es Spain - Mérida,Transparent
http://102.132.36.193:8080,2 mins ago,1181 ms,96% (92),za South Africa - Johannesburg,Elite
http://164.163.42.12:10000,2 mins ago,2464 ms,70% (79),ar Argentina - Villa Ángela,Transparent
http://103.131.18.58:8080,2 mins ago,4535 ms,8% (99),id Indonesia - Bekasi,Transparent
http://119.252.173.26:8080,2 mins ago,3713 ms,48% (85),id Indonesia,Transparent
http://45.70.202.160:999,2 mins ago,4805 ms,4% (126),ec Ecuador - Quito,Transparent
http://101.255.148.241:8080,2 mins ago,4390 ms,14% (120),id Indonesia - Bekasi,Transparent
http://62.92.103.227:8080,2 mins ago,241 ms,100% (97),no Norway - Oslo,Elite
http://8.213.222.247:77,2 mins ago,2840 ms,19% (127),th Thailand - Bangkok,Elite
http://164.163.1.14:2180,2 mins ago,4207 ms,3% (131),br Brazil - Brasília,Transparent
http://200.95.184.5:999,2 mins ago,4770 ms,7% (133),cl Chile - Chillan,Transparent
http://8.213.222.247:3128,2 mins ago,2507 ms,29% (138),th Thailand - Bangkok,Elite
http://117.54.114.99:80,2 mins ago,3186 ms,20% (142),id Indonesia - Jakarta,Anonymous
http://103.176.97.223:3127,2 mins ago,4231 ms,12% (154),id Indonesia - Karawang,Transparent
http://109.164.38.201:2306,2 mins ago,5076 ms,2% (155),cz Czech Republic - Prague,Transparent
http://117.54.114.97:80,2 mins ago,2681 ms,19% (146),id Indonesia - Jakarta,Anonymous
http://41.60.26.210:32650,2 mins ago,4068 ms,4% (166),cd DR Congo,Transparent
